{
  "corpus_size": 1500,
  "num_eval_questions": 10,
  "bm25": {
    "MAP@10": 0.8,
    "MRR@10": 0.8,
    "nDCG@10": 0.8492282869718244,
    "HitRate@10": 1.0
  },
  "dense_minilm": {
    "MAP@10": 0.9333333333333332,
    "MRR@10": 0.9333333333333332,
    "nDCG@10": 0.95,
    "HitRate@10": 1.0
  },
  "hybrid_rrf": {
    "MAP@10": 0.825,
    "MRR@10": 0.825,
    "nDCG@10": 0.8692536065216308,
    "HitRate@10": 1.0
  }
}